[
    {"id":"1","username":"user1","bidprice":"100000","confo_date":"07/03/2020","rooms":"3"},
    {"id":"2","username":"user2","bidprice":"70000","confo_date":"09/03/2020","rooms":"5"},
    {"id":"3","username":"user3","bidprice":"120000","confo_date":"20/02/2020","rooms":"6"},
    {"id":"4","username":"user4","bidprice":"89000","confo_date":"19/01/2020","rooms":"2"},
    {"id":"5","username":"user5","bidprice":"98000","confo_date":"23/05/2020","rooms":"4"},
    {"id":"6","username":"user6","bidprice":"110000","confo_date":"12/03/2020","rooms":"5"},
    {"id":"7","username":"user7","bidprice":"78000","confo_date":"24/04/2020","rooms":"3"},
    {"id":"8","username":"user8","bidprice":"60000","confo_date":"30/06/2020","rooms":"2"}
]